Source File	Size	loadResources	load	generateSnapshots	load-configure	scan	loadDepInfo	loadInfo	checkR4R4B	generateNarratives	validate	loadLists	checkConformanceResources	checkConformanceResources2	checkConformanceResources3	generateLogicalMaps	validateExpressions	scanForUsageStats	checkURLsUnique	processProvenanceDetails	generate1	generate2	generateLogicals	makeDependencies	generateExampleZip	generateValidationPack	scanProfilesForR5	scanExamplesForR5
/fsh-generated/resources/ImplementationGuide-pc.ig.json	97088	-	0	0	1	0	0	0	54	522	0	0	0	0	0	0	0	20	0	0	696	2553	0	0	1	91	0	15
fsh-generated/resources/Basic-clinical-variable-example-1.json	2061	32	0	0	5	0	1	0	0	1498	0	0	0	0	0	0	0	0	0	0	68	221	0	0	0	0	0	1
fsh-generated/resources/Basic-concomitant-disease-example-1.json	972	8	0	0	1	0	1	0	0	5	0	0	0	0	0	0	0	0	0	0	16	36	0	0	0	0	0	1
fsh-generated/resources/Basic-concomitant-episode-example-1.json	1417	8	0	0	0	0	0	0	0	7	0	0	0	0	0	0	0	0	0	0	23	46	0	0	0	0	0	0
fsh-generated/resources/Basic-concomitant-medication-example-1.json	1232	3	0	0	0	0	0	0	0	4	0	0	0	0	0	0	0	0	0	0	17	45	0	0	0	0	0	0
fsh-generated/resources/Basic-epigenome-study-example-1.json	3547	6	0	0	1	0	0	0	1	5	0	0	0	0	0	0	0	0	0	0	33	97	0	0	0	0	0	0
fsh-generated/resources/Basic-genomic-test-example-1.json	2976	5	0	0	0	0	0	0	0	8	0	0	0	0	0	0	0	0	0	0	31	53	0	0	0	0	0	0
fsh-generated/resources/Basic-imm-ind-pat-example-1.json	1642	4	0	0	3	0	0	0	0	33	0	0	0	0	0	0	0	0	0	0	20	44	0	0	0	0	0	0
fsh-generated/resources/Basic-immunosuppressant-example-1.json	960	2	0	0	1	0	0	0	0	15	0	0	0	0	0	0	0	0	0	0	18	62	0	0	0	0	0	0
fsh-generated/resources/Basic-immunosuppressive-maintenance-patient-example-1.json	1838	8	0	0	0	0	0	0	0	6	0	0	0	0	0	0	0	0	0	0	21	66	0	0	0	0	0	0
fsh-generated/resources/Basic-instrumental-investigation-example-1.json	875	4	0	0	1	0	0	0	0	1	0	0	0	0	0	0	0	0	0	0	17	41	0	0	0	0	0	0
fsh-generated/resources/Basic-lab-test-example-1.json	885	2	0	0	4	0	0	0	1	1	0	0	0	0	0	0	0	0	0	0	18	46	0	0	0	0	0	0
fsh-generated/resources/Basic-mark-imm-func-example-1.json	2125	5	1	0	1	0	0	0	0	3	0	0	0	0	0	0	0	0	0	0	21	56	0	0	0	0	0	0
fsh-generated/resources/Basic-methylomic-study-example-1.json	1759	3	0	0	0	0	0	0	0	3	0	0	0	0	0	0	0	0	0	0	20	41	0	0	0	0	0	0
fsh-generated/resources/Basic-outcome-example-1.json	2659	3	0	0	0	0	0	0	0	9	0	0	0	0	0	0	0	0	0	0	28	64	0	0	0	0	0	0
fsh-generated/resources/Basic-outcome-type-example-1.json	938	3	0	0	0	0	0	0	0	5	0	0	0	0	0	0	0	0	0	0	24	30	0	0	0	0	0	0
fsh-generated/resources/Basic-post-event-example-1.json	1503	2	0	0	1	0	0	0	0	3	0	0	0	0	0	0	0	0	0	0	19	32	0	0	0	0	0	0
fsh-generated/resources/Basic-post-event-type-example-1.json	981	2	0	0	0	0	0	0	0	3	0	0	0	0	0	0	0	0	0	0	16	24	0	0	0	0	0	0
fsh-generated/resources/Basic-pre-medication-example-1.json	1694	3	0	0	0	0	0	0	1	2	0	0	0	0	0	0	0	0	0	0	20	43	0	0	0	0	0	0
fsh-generated/resources/Basic-reference-genome-grch38.json	731	2	0	0	0	0	0	0	0	1	0	0	0	0	0	0	0	0	0	0	17	29	0	0	0	0	0	0
fsh-generated/resources/Basic-target-region-example-1.json	1570	3	0	0	1	0	0	0	0	2	0	0	0	0	0	0	0	0	0	0	18	44	0	0	0	0	0	0
fsh-generated/resources/Basic-variant-annotation-example-1.json	2013	4	0	0	0	0	0	0	0	2	0	0	0	0	0	0	0	0	0	0	20	191	0	0	0	0	0	0
fsh-generated/resources/Basic-variant-occurrence-example-1.json	3488	3	0	0	0	0	0	0	0	2	0	0	0	0	0	0	0	1	0	0	24	64	0	0	0	0	0	0
fsh-generated/resources/CodeSystem-biliary-anastomosis-type-cs.json	811	7	0	0	1	0	1	0	0	47	0	0	3	0	0	0	0	0	0	1	45	2035	0	0	0	7	0	0
fsh-generated/resources/CodeSystem-biosample-tissue-type-cs.json	636	3	0	0	0	0	0	0	1	12	0	0	0	0	0	0	0	0	0	0	30	264	0	0	0	2	0	0
fsh-generated/resources/CodeSystem-concomitant-disease-category.json	3461	6	0	0	4	0	0	0	0	14	0	0	0	0	0	0	0	2	0	0	46	154	0	0	0	4	0	0
fsh-generated/resources/CodeSystem-concomitant-medication-category.json	966	2	0	0	1	0	0	0	0	15	0	0	0	0	0	0	0	0	0	0	17	175	0	0	0	2	0	1
fsh-generated/resources/CodeSystem-donor-liver-type-cs.json	553	3	0	0	0	0	0	0	1	11	0	0	0	0	0	0	0	0	0	0	17	132	0	0	0	0	0	0
fsh-generated/resources/CodeSystem-donor-pre-ktx-dialysis-type-cs.json	623	3	0	0	0	0	0	0	0	6	0	0	0	0	0	0	0	0	0	0	21	91	0	0	0	0	0	0
fsh-generated/resources/CodeSystem-immunosuppressant-drug-type-cs.json	1032	2	0	0	1	0	0	0	0	9	0	0	0	0	0	0	0	1	0	0	22	92	0	0	0	1	0	0
fsh-generated/resources/CodeSystem-immunosuppressive-induction-dose-unit-cs.json	589	3	0	0	0	0	0	0	0	5	1	0	0	0	0	0	0	0	0	0	16	88	0	0	0	0	0	0
fsh-generated/resources/CodeSystem-immunosuppressive-maintenance-type-cs.json	601	2	0	0	1	0	0	0	0	4	0	0	0	0	0	0	0	0	0	0	16	67	0	0	0	0	0	0
fsh-generated/resources/CodeSystem-instrumental-investigation-name-cs.json	1453	3	0	0	0	0	0	0	0	7	0	0	0	0	0	0	0	1	0	0	30	93	0	0	0	1	0	0
fsh-generated/resources/CodeSystem-intraoperative-complication-cs.json	848	3	0	0	0	0	0	0	1	6	0	0	0	0	0	0	0	0	0	0	17	181	0	0	0	1	0	0
fsh-generated/resources/CodeSystem-kidney-side-cs.json	568	2	0	0	1	0	0	0	0	7	0	0	0	0	0	0	0	0	0	0	24	101	0	0	0	0	0	0
fsh-generated/resources/CodeSystem-lab-result-unit-cs.json	1311	3	0	0	0	0	0	0	0	6	0	0	0	0	0	0	0	0	0	0	35	86	0	0	0	1	0	0
fsh-generated/resources/CodeSystem-lab-test-name-cs.json	3810	5	0	0	1	0	0	0	1	8	0	0	1	0	0	0	0	1	0	0	42	125	0	0	0	4	0	0
fsh-generated/resources/CodeSystem-outcome-type-name-cs.json	3080	3	0	0	0	0	0	0	0	12	0	0	0	0	0	0	0	0	0	0	30	149	0	0	0	14	0	0
fsh-generated/resources/CodeSystem-patient-abo-group-cs.json	663	3	0	0	3	0	0	0	0	8	0	0	0	0	0	0	0	0	0	0	23	216	0	0	0	1	0	0
fsh-generated/resources/CodeSystem-patient-hla-class-i-cs.json	600	2	0	0	0	0	0	0	1	4	0	0	0	0	0	0	0	1	0	0	18	161	0	0	0	1	0	0
fsh-generated/resources/CodeSystem-patient-hla-class-ii-cs.json	611	3	0	0	0	0	0	0	0	5	0	0	0	0	0	0	0	0	0	0	16	96	0	0	0	0	0	0
fsh-generated/resources/CodeSystem-patient-instrumental-investigation-result-cs.json	657	2	0	0	1	0	0	0	0	5	0	0	0	0	0	0	0	0	0	0	19	47	0	0	0	0	0	0
fsh-generated/resources/CodeSystem-patient-rh-factor-cs.json	569	2	0	0	0	0	0	0	0	5	0	0	0	0	0	0	0	0	0	0	14	50	0	0	0	0	0	0
fsh-generated/resources/CodeSystem-post-event-type-name-cs.json	3048	4	0	0	0	0	0	0	0	6	0	0	0	0	0	0	0	0	0	0	33	81	0	0	0	1	0	0
fsh-generated/resources/CodeSystem-pre-medication-antihypertensive-drug-cs.json	1095	3	0	0	1	0	0	0	1	6	0	0	0	0	0	0	0	1	0	0	16	253	0	0	0	1	0	0
fsh-generated/resources/CodeSystem-pre-medication-type-cs.json	502	2	0	0	1	0	0	0	0	5	0	0	0	0	0	0	0	0	0	0	14	126	0	0	0	0	0	0
fsh-generated/resources/CodeSystem-reference-genome-build-cs.json	481	2	0	0	0	0	0	0	0	5	0	0	0	0	0	0	0	0	0	0	14	56	0	0	0	0	0	0
fsh-generated/resources/CodeSystem-transplant-type-cs.json	656	3	0	0	1	0	0	0	0	9	0	0	0	0	0	0	0	0	0	0	20	87	0	0	0	2	0	0
fsh-generated/resources/CodeSystem-visit-type-cs.json	749	2	0	0	0	0	0	0	0	6	0	0	0	0	0	0	0	0	0	0	17	64	0	0	0	0	0	0
fsh-generated/resources/DiagnosticReport-lab-report-example-1.json	938	4	0	0	0	0	1	0	0	59	0	0	0	0	0	0	0	0	0	0	23	140	0	0	0	0	0	0
fsh-generated/resources/Encounter-TransplantExample1.json	2067	3	0	0	1	0	0	0	0	231	0	0	0	0	0	0	0	0	0	0	28	70	0	0	0	0	0	0
fsh-generated/resources/Encounter-VisitExample1.json	1221	2	0	0	1	0	0	0	1	3	0	0	0	0	0	0	0	0	0	0	25	36	0	0	0	0	0	0
fsh-generated/resources/Observation-lab-result-observation-example-1.json	1733	3	0	0	0	0	0	0	0	6	0	0	0	0	0	0	0	0	0	0	18	51	0	0	0	0	0	0
fsh-generated/resources/Observation-microbiology-example-1.json	4125	4	0	0	0	0	0	0	0	4	0	0	0	0	0	0	0	0	0	0	27	37	0	0	0	0	0	1
fsh-generated/resources/Observation-patient-instrumental-investigation-example-1.json	1651	3	0	0	0	0	0	0	0	2	0	0	0	0	0	0	0	0	0	0	20	44	0	0	0	0	0	0
fsh-generated/resources/Patient-ExampleDonor1.json	3037	3	0	0	1	0	0	0	1	8	0	0	0	0	0	0	0	0	0	0	28	36	0	0	0	0	0	0
fsh-generated/resources/Patient-ExamplePatientTransplant1.json	3932	5	0	0	0	0	0	0	0	4	0	0	0	0	0	0	0	1	0	0	52	36	0	0	0	0	0	0
fsh-generated/resources/Specimen-biosample-example-1.json	1678	3	0	0	0	0	0	0	0	22	0	0	0	0	0	0	0	0	0	0	28	51	0	0	0	0	0	0
fsh-generated/resources/StructureDefinition-bio-sample-dna-concentration.json	1809	6	0	104	0	0	0	0	1	81	0	0	3	0	0	1	0	2	0	0	85	3287	0	1	0	20	3	0
fsh-generated/resources/StructureDefinition-bio-sample-epigenome-study-ref.json	1624	4	0	29	1	0	0	0	1	20	0	0	0	0	0	0	0	2	0	0	61	622	0	0	0	6	0	1
fsh-generated/resources/StructureDefinition-bio-sample-genomic-test-ref.json	1625	5	0	47	0	0	0	0	0	12	0	0	1	0	0	0	0	1	0	0	82	395	0	0	0	3	0	0
fsh-generated/resources/StructureDefinition-bio-sample-methylomic-study-ref.json	1635	12	0	31	0	0	0	0	0	11	0	0	0	0	0	0	0	1	0	0	57	395	0	0	0	2	0	0
fsh-generated/resources/StructureDefinition-bio-sample-send-ingemm-date.json	1420	4	0	22	1	0	0	0	0	27	0	0	0	0	0	0	0	1	0	0	63	377	0	0	0	2	0	1
fsh-generated/resources/StructureDefinition-biosample.json	5780	5	0	197	0	0	0	0	0	69	0	0	5	0	0	0	0	5	0	0	317	2274	0	0	0	14	1	3
fsh-generated/resources/StructureDefinition-clinical-variable-date.json	1308	3	0	74	0	0	0	0	0	19	0	0	1	0	0	0	0	1	0	0	59	607	0	0	0	2	0	0
fsh-generated/resources/StructureDefinition-clinical-variable-diastolic-blood-pressure.json	1423	3	0	26	1	0	0	0	0	15	0	0	0	0	0	0	0	2	0	0	51	428	0	0	0	3	0	0
fsh-generated/resources/StructureDefinition-clinical-variable-heart-rate.json	1336	3	0	25	0	0	0	0	0	11	0	0	0	0	0	0	0	1	0	0	53	405	0	0	0	2	0	0
fsh-generated/resources/StructureDefinition-clinical-variable-height.json	1333	3	0	14	0	0	0	0	0	11	0	0	1	0	0	0	0	1	0	0	85	319	0	0	0	3	0	1
fsh-generated/resources/StructureDefinition-clinical-variable-oxygen-saturation.json	1392	3	0	10	1	0	0	0	1	10	0	0	0	0	0	0	0	1	0	0	57	459	0	0	1	2	0	0
fsh-generated/resources/StructureDefinition-clinical-variable-patient-ref.json	1592	2	0	11	0	0	0	0	0	11	0	0	0	0	0	0	0	0	0	0	62	410	0	0	0	2	0	0
fsh-generated/resources/StructureDefinition-clinical-variable-systolic-blood-pressure.json	1415	3	0	18	0	0	0	0	0	14	0	0	0	0	0	0	0	0	0	0	68	385	0	0	0	2	0	1
fsh-generated/resources/StructureDefinition-clinical-variable-temperature.json	1353	3	0	10	1	0	0	0	0	11	0	0	0	0	0	0	0	1	0	0	57	709	0	0	0	3	0	0
fsh-generated/resources/StructureDefinition-clinical-variable-weight.json	1315	3	0	10	0	0	0	0	0	11	0	0	1	0	0	0	0	0	0	0	51	371	0	0	0	2	0	0
fsh-generated/resources/StructureDefinition-clinical-variable.json	6387	4	0	103	0	0	0	0	1	69	0	0	5	0	0	0	0	5	0	0	256	1398	0	1	0	10	0	2
fsh-generated/resources/StructureDefinition-concomitant-disease-name.json	1528	3	0	34	1	0	0	0	0	71	0	0	1	0	0	0	0	1	0	0	58	718	0	0	0	2	0	1
fsh-generated/resources/StructureDefinition-concomitant-disease.json	2535	3	0	70	0	0	0	0	0	33	0	0	0	0	0	0	0	6	0	0	181	1248	0	0	0	9	0	1
fsh-generated/resources/StructureDefinition-concomitant-episode-date.json	1324	4	0	60	0	0	0	0	0	10	0	0	0	0	0	0	0	1	0	0	51	504	0	0	0	8	0	1
fsh-generated/resources/StructureDefinition-concomitant-episode-description.json	1382	3	0	18	1	0	0	0	0	10	0	0	0	0	0	0	0	0	0	0	64	378	0	0	0	2	0	0
fsh-generated/resources/StructureDefinition-concomitant-episode-disease-ref.json	1639	2	0	34	0	0	0	0	0	10	0	0	1	0	0	0	0	2	0	0	48	416	0	0	0	2	1	0
fsh-generated/resources/StructureDefinition-concomitant-episode-patient-ref.json	1608	3	0	40	0	0	0	0	0	14	0	0	0	0	0	0	0	0	0	0	49	379	0	0	0	2	0	0
fsh-generated/resources/StructureDefinition-concomitant-episode.json	3990	4	0	71	1	0	0	0	0	30	0	0	1	0	0	0	0	5	0	0	192	1143	0	0	0	8	0	3
fsh-generated/resources/StructureDefinition-concomitant-medication-code.json	1513	3	0	17	0	0	0	0	0	10	0	0	1	0	0	0	0	0	0	0	50	489	0	0	0	2	0	0
fsh-generated/resources/StructureDefinition-concomitant-medication-episode-ref.json	1633	3	0	8	0	0	0	0	0	10	0	0	0	0	0	0	0	3	0	0	60	335	0	0	0	3	0	0
fsh-generated/resources/StructureDefinition-concomitant-medication.json	3071	3	0	43	0	0	0	0	0	38	0	0	2	0	0	0	0	5	0	0	179	1283	0	0	0	11	0	5
fsh-generated/resources/StructureDefinition-donor-abo-group.json	1454	3	0	21	1	0	0	0	0	11	0	0	0	0	0	0	0	1	0	0	48	398	0	0	0	2	0	0
fsh-generated/resources/StructureDefinition-donor-allograft-hla-class-i.json	1624	3	0	8	0	0	0	0	0	9	0	0	0	0	0	0	0	2	0	0	54	378	0	0	0	3	0	1
fsh-generated/resources/StructureDefinition-donor-allograft-hla-class-ii.json	1639	3	0	8	1	0	0	0	0	10	0	0	0	0	0	0	0	1	0	0	49	482	0	0	0	2	0	0
fsh-generated/resources/StructureDefinition-donor-liver-type.json	1519	3	0	7	0	0	0	0	0	11	0	0	0	0	0	0	0	2	0	0	112	385	0	0	0	2	0	0
fsh-generated/resources/StructureDefinition-donor-pre-ktx-dialysis-type.json	1636	3	0	11	0	0	0	0	0	10	0	0	0	0	0	0	0	1	0	0	49	456	0	0	0	2	0	1
fsh-generated/resources/StructureDefinition-donor-rh-factor.json	1442	2	0	9	0	0	0	0	0	9	0	0	0	0	0	0	0	1	0	0	52	455	0	0	0	1	0	0
fsh-generated/resources/StructureDefinition-donor.json	4960	5	0	110	1	0	0	0	0	63	0	0	5	0	0	0	0	4	0	0	300	1993	0	0	0	12	0	4
fsh-generated/resources/StructureDefinition-epigenome-study-age-at-dna-extraction.json	1450	2	0	15	0	0	0	0	0	61	0	0	0	0	0	0	0	1	0	0	51	513	0	0	0	12	0	1
fsh-generated/resources/StructureDefinition-epigenome-study-array-date.json	1319	3	0	7	0	0	0	0	0	15	0	0	3	0	0	0	0	1	0	0	51	357	0	0	0	2	0	0
fsh-generated/resources/StructureDefinition-epigenome-study-bisulfite-date.json	1345	3	0	8	0	0	0	0	0	11	0	0	0	0	0	0	0	2	0	0	49	489	0	0	0	1	0	1
fsh-generated/resources/StructureDefinition-epigenome-study-bisulfite-reference-kit.json	1458	3	0	7	1	0	0	0	0	18	0	0	0	0	0	0	0	1	0	0	51	432	0	0	0	2	0	0
fsh-generated/resources/StructureDefinition-epigenome-study-chip-type.json	1343	2	0	7	0	0	0	0	0	14	0	0	0	0	0	0	0	3	0	0	47	385	0	0	0	2	0	1
fsh-generated/resources/StructureDefinition-epigenome-study-genomic-test-ref.json	1593	3	0	8	0	0	0	0	1	15	0	0	0	0	0	0	0	1	0	0	47	499	0	0	0	2	0	0
fsh-generated/resources/StructureDefinition-epigenome-study-manifest-number.json	1355	3	0	8	1	0	0	0	0	12	0	0	1	0	0	0	0	1	0	0	46	507	0	0	0	2	1	1
fsh-generated/resources/StructureDefinition-epigenome-study-pool-id.json	1307	3	0	8	0	0	0	0	0	8	0	0	0	0	0	0	0	1	0	0	71	1007	0	0	0	2	0	1
fsh-generated/resources/StructureDefinition-epigenome-study-raw-data.json	1327	2	0	8	0	0	0	0	0	8	0	0	0	0	0	0	0	1	0	0	46	433	0	0	0	2	0	0
fsh-generated/resources/StructureDefinition-epigenome-study-sample-id.json	1351	3	0	7	0	0	0	0	0	11	0	0	0	0	0	0	0	1	0	0	47	406	0	0	0	2	0	0
fsh-generated/resources/StructureDefinition-epigenome-study-sample-type.json	1587	3	0	8	1	0	0	0	0	12	0	0	0	0	0	0	0	1	0	0	48	484	0	0	0	2	0	0
fsh-generated/resources/StructureDefinition-epigenome-study-scan-date.json	1321	3	0	11	0	0	0	0	0	15	0	0	0	0	0	0	0	0	0	0	48	486	0	0	0	2	0	1
fsh-generated/resources/StructureDefinition-epigenome-study-sentrix-barcodearray.json	1371	3	0	10	0	0	0	0	0	14	0	0	1	0	0	0	0	0	0	0	48	422	0	0	0	3	0	0
fsh-generated/resources/StructureDefinition-epigenome-study-sentrix-position.json	1361	3	0	9	1	0	0	0	0	12	0	0	0	0	0	0	0	1	0	0	48	376	0	0	0	2	0	0
fsh-generated/resources/StructureDefinition-epigenome-study-snp-reader-device.json	1358	2	0	8	0	0	0	0	0	15	0	0	0	0	0	0	0	1	0	0	58	414	0	0	0	3	0	1
fsh-generated/resources/StructureDefinition-epigenome-study-target-disease-id.json	1422	3	0	10	0	0	0	0	0	11	0	0	0	0	0	0	0	0	0	0	75	373	0	0	0	2	0	0
fsh-generated/resources/StructureDefinition-epigenome-study.json	9720	6	0	55	1	0	0	0	0	56	0	0	9	0	0	0	0	2	0	0	294	1870	0	1	0	18	4	3
fsh-generated/resources/StructureDefinition-genomic-test-alignment-tools.json	1361	3	0	23	0	0	0	0	0	35	0	0	1	0	0	0	0	4	0	0	58	390	0	0	0	2	0	0
fsh-generated/resources/StructureDefinition-genomic-test-annotation-databases.json	1417	3	0	7	0	0	0	0	0	13	0	0	0	0	0	0	0	2	0	0	61	367	0	0	0	2	0	0
fsh-generated/resources/StructureDefinition-genomic-test-annotation-tools.json	1383	3	0	7	0	0	0	0	0	11	0	0	0	0	0	0	0	0	0	0	52	348	0	0	0	2	0	0
fsh-generated/resources/StructureDefinition-genomic-test-chromosome-corrdinate.json	1415	2	0	8	1	0	0	0	0	12	0	0	0	0	0	0	0	1	0	0	48	386	0	0	0	5	0	1
fsh-generated/resources/StructureDefinition-genomic-test-mean-target-coverage.json	1355	5	0	8	0	0	0	0	1	9	0	0	1	0	0	0	0	0	0	0	45	491	0	0	0	3	0	0
fsh-generated/resources/StructureDefinition-genomic-test-name.json	1378	3	0	7	0	0	0	0	0	14	0	0	1	0	0	0	0	1	0	0	46	422	0	0	0	2	0	0
fsh-generated/resources/StructureDefinition-genomic-test-per-target-base-cover-100x.json	1443	3	0	8	0	0	0	0	0	15	0	0	0	0	0	0	0	1	0	0	47	332	0	0	0	2	0	0
fsh-generated/resources/StructureDefinition-genomic-test-read-length.json	1342	2	0	7	1	0	0	0	0	17	0	0	0	0	0	0	0	0	0	0	53	359	0	0	0	2	0	1
fsh-generated/resources/StructureDefinition-genomic-test-read-type.json	1345	3	0	9	0	0	0	0	0	11	0	0	0	0	0	0	0	1	0	0	46	336	0	0	0	4	0	0
fsh-generated/resources/StructureDefinition-genomic-test-reference-genome.json	1598	3	0	9	0	0	0	0	0	10	0	0	1	0	0	0	0	0	0	0	64	339	0	0	0	2	1	0
fsh-generated/resources/StructureDefinition-genomic-test-sequencing-device.json	1355	3	0	15	0	0	0	0	0	9	0	0	0	0	0	0	0	0	0	0	49	342	0	0	0	1	0	1
fsh-generated/resources/StructureDefinition-genomic-test-target-capture.json	1415	3	0	7	1	0	0	0	0	9	0	0	0	0	0	0	0	1	0	0	48	339	0	0	0	2	0	0
fsh-generated/resources/StructureDefinition-genomic-test-variant-calling-tools.json	1408	3	0	8	0	0	0	0	2	14	0	0	0	0	0	0	0	0	0	0	47	592	0	0	0	1	0	0
fsh-generated/resources/StructureDefinition-genomic-test-version.json	1402	3	0	8	1	0	0	0	0	11	0	0	1	0	0	0	0	1	0	0	51	360	0	0	0	2	0	0
fsh-generated/resources/StructureDefinition-genomic-test.json	8260	5	0	71	0	0	0	0	1	49	0	0	3	0	0	0	0	5	0	0	287	1424	0	3	0	26	0	3
fsh-generated/resources/StructureDefinition-immunosuppressant-name.json	1515	4	0	11	0	0	0	0	0	26	0	0	0	0	0	0	0	1	0	0	56	384	0	0	0	2	1	0
fsh-generated/resources/StructureDefinition-immunosuppressant.json	2481	4	0	36	1	0	0	0	0	32	0	0	2	0	0	0	0	3	0	0	164	1279	0	0	0	7	0	2
fsh-generated/resources/StructureDefinition-immunosuppressive-induction-dose-unit.json	1567	3	0	17	0	0	0	0	0	10	0	0	0	0	0	0	0	0	0	0	51	393	0	0	0	2	0	1
fsh-generated/resources/StructureDefinition-immunosuppressive-induction-dose.json	1431	4	0	8	0	0	0	0	0	9	0	0	1	0	0	0	0	0	0	0	66	422	0	0	0	1	0	0
fsh-generated/resources/StructureDefinition-immunosuppressive-induction-imm-ref.json	1621	2	0	6	0	0	0	0	0	10	0	0	0	1	0	0	0	1	0	0	48	359	0	1	0	2	0	0
fsh-generated/resources/StructureDefinition-immunosuppressive-induction-patient-ref.json	1626	3	0	7	1	0	0	0	0	10	0	0	0	0	0	0	0	0	0	0	50	374	1	0	0	2	0	0
fsh-generated/resources/StructureDefinition-immunosuppressive-induction-patient.json	4026	5	0	43	2	0	0	0	0	47	0	0	7	0	0	0	0	2	0	0	189	2029	0	0	0	8	0	2
fsh-generated/resources/StructureDefinition-immunosuppressive-maintenance-dose.json	1431	3	0	9	0	0	0	0	0	12	0	0	0	0	0	0	0	1	0	0	48	528	0	0	0	2	1	1
fsh-generated/resources/StructureDefinition-immunosuppressive-maintenance-end-date.json	1515	3	0	7	0	0	0	0	0	14	0	0	1	0	0	0	0	1	0	0	66	382	0	0	0	2	0	0
fsh-generated/resources/StructureDefinition-immunosuppressive-maintenance-immunosuppressant-ref.json	1739	3	0	9	0	0	0	0	0	19	0	0	0	0	0	0	0	0	0	0	54	334	0	0	0	2	0	0
fsh-generated/resources/StructureDefinition-immunosuppressive-maintenance-patient-ref.json	1704	5	0	7	0	0	0	0	0	20	0	0	0	0	0	0	0	1	0	0	52	309	0	0	0	1	0	1
fsh-generated/resources/StructureDefinition-immunosuppressive-maintenance-patient.json	5417	4	0	45	1	0	0	0	0	39	0	0	2	0	0	0	0	1	0	0	297	882	0	0	0	6	0	2
fsh-generated/resources/StructureDefinition-immunosuppressive-maintenance-start-date.json	1495	3	0	8	0	0	0	0	0	12	0	0	0	0	0	0	0	3	0	0	51	604	0	0	0	2	0	0
fsh-generated/resources/StructureDefinition-immunosuppressive-maintenance-unit-id.json	1507	3	0	7	0	0	0	0	0	10	0	0	0	0	0	0	0	4	0	0	47	327	0	0	0	2	0	1
fsh-generated/resources/StructureDefinition-instrumental-investigation-name-ext.json	1612	3	0	9	0	0	0	0	0	12	0	0	0	0	0	0	0	1	0	0	57	458	0	0	0	2	1	0
fsh-generated/resources/StructureDefinition-instrumental-investigation.json	2422	4	0	48	1	0	0	0	0	34	0	0	2	0	0	0	0	5	0	0	147	1012	0	0	0	18	0	1
fsh-generated/resources/StructureDefinition-lab-report.json	3771	4	0	62	0	0	0	0	0	48	0	0	1	0	0	0	0	8	0	0	278	2001	0	0	0	17	0	4
fsh-generated/resources/StructureDefinition-lab-result-labtest-ref.json	1684	3	0	8	0	0	0	0	0	17	0	0	1	0	0	0	0	1	0	0	56	483	0	0	0	3	0	1
fsh-generated/resources/StructureDefinition-lab-result-observation.json	6391	5	0	129	0	0	0	0	0	63	0	0	5	0	0	0	0	3	0	0	398	2968	0	0	0	16	1	80
fsh-generated/resources/StructureDefinition-lab-result-patient-ref.json	1626	6	0	8	1	0	0	0	0	28	0	0	0	0	0	0	0	3	0	0	58	689	0	0	0	5	1	1
fsh-generated/resources/StructureDefinition-lab-test-name-ext.json	1454	3	0	12	0	0	0	0	0	11	0	0	0	0	0	0	0	1	0	0	50	530	0	0	0	7	0	0
fsh-generated/resources/StructureDefinition-lab-test-unit-ref.json	1378	4	0	8	0	0	0	1	1	11	0	0	0	0	0	0	0	0	0	0	54	643	0	0	0	7	0	0
fsh-generated/resources/StructureDefinition-lab-test.json	2839	4	0	42	0	0	0	0	0	35	0	0	1	0	0	0	0	2	0	0	186	1957	0	0	0	9	0	2
fsh-generated/resources/StructureDefinition-marker-immune-function-aeca-other.json	1494	4	0	21	0	0	0	0	0	10	0	0	0	0	0	0	0	2	0	0	52	510	0	0	0	3	0	0
fsh-generated/resources/StructureDefinition-marker-immune-function-atr1.json	1398	3	0	21	1	0	0	0	0	8	0	0	1	0	0	0	0	1	0	0	62	510	0	0	0	1	0	0
fsh-generated/resources/StructureDefinition-marker-immune-function-dsa.json	1434	3	0	9	0	0	0	0	0	8	0	0	0	0	0	0	0	0	0	0	53	419	0	0	0	2	0	1
fsh-generated/resources/StructureDefinition-marker-immune-function-etar.json	1390	3	0	12	0	0	0	0	0	8	0	0	0	0	0	0	0	1	0	0	55	357	0	0	0	2	1	0
fsh-generated/resources/StructureDefinition-marker-immune-function-hla-antibody-class.json	1457	4	0	13	0	0	0	0	0	12	0	0	0	0	0	0	0	1	0	0	60	466	0	0	0	3	0	0
fsh-generated/resources/StructureDefinition-marker-immune-function-mfi-value.json	1458	3	0	9	0	0	0	0	0	11	0	0	1	0	0	0	0	1	0	0	47	498	0	0	0	8	0	1
fsh-generated/resources/StructureDefinition-marker-immune-function-mica.json	1416	2	0	11	1	0	0	0	0	12	0	0	0	0	0	0	0	1	0	0	50	307	0	0	0	3	0	0
fsh-generated/resources/StructureDefinition-marker-immune-function-micb.json	1416	3	0	10	0	0	0	0	0	17	0	0	1	0	0	0	0	0	0	0	50	334	0	0	0	3	0	0
fsh-generated/resources/StructureDefinition-marker-immune-function-patient-ref.json	1629	3	0	12	0	0	0	0	0	14	0	0	0	0	0	0	0	0	0	0	48	347	0	0	0	4	0	0
fsh-generated/resources/StructureDefinition-marker-immune-function.json	6177	4	0	63	0	0	0	0	0	42	0	0	0	0	0	0	0	6	0	0	230	1183	0	1	0	12	1	3
fsh-generated/resources/StructureDefinition-methylomic-study-beta-value.json	1354	3	0	16	1	0	0	0	0	11	0	0	1	0	0	0	0	2	0	0	47	363	0	0	0	3	0	0
fsh-generated/resources/StructureDefinition-methylomic-study-detection-p-value.json	1411	3	0	12	0	0	0	0	0	17	0	0	0	0	0	0	0	2	0	0	53	322	0	0	0	2	0	0
fsh-generated/resources/StructureDefinition-methylomic-study-m-value.json	1334	2	0	11	0	0	0	0	0	17	0	0	0	0	0	0	0	2	0	0	47	339	0	0	0	2	0	1
fsh-generated/resources/StructureDefinition-methylomic-study-methylated-reads.json	1378	3	0	8	0	0	0	0	0	15	0	0	0	0	0	0	0	1	0	0	46	325	0	0	0	1	0	0
fsh-generated/resources/StructureDefinition-methylomic-study-read-count.json	1344	3	0	11	0	0	0	0	0	11	0	0	0	0	0	0	0	1	0	0	46	326	0	0	0	2	0	0
fsh-generated/resources/StructureDefinition-methylomic-study-reference-genome-ref.json	1635	3	0	9	1	0	0	0	0	12	0	0	0	0	0	0	0	1	0	0	49	338	0	0	0	1	0	0
fsh-generated/resources/StructureDefinition-methylomic-study-target-region-id.json	1460	2	0	8	0	0	0	0	0	10	0	0	0	0	0	0	0	0	0	0	45	342	0	0	0	2	0	1
fsh-generated/resources/StructureDefinition-methylomic-study.json	5342	5	0	61	0	0	0	0	0	48	0	0	1	0	0	0	0	4	0	0	215	1351	0	0	0	10	0	2
fsh-generated/resources/StructureDefinition-microbiology-adenovirus-igg.json	1461	2	0	30	0	0	0	0	0	12	0	0	0	0	0	0	0	1	0	0	45	430	0	0	0	7	0	1
fsh-generated/resources/StructureDefinition-microbiology-adenovirus-igm.json	1461	3	0	17	0	0	0	0	0	15	0	0	1	0	0	0	0	1	0	0	48	295	0	0	0	7	0	0
fsh-generated/resources/StructureDefinition-microbiology-bkv-dna-kidney-biopsy.json	1507	3	0	10	1	0	0	0	1	12	0	0	0	0	0	0	0	1	0	0	47	287	0	0	0	2	0	0
fsh-generated/resources/StructureDefinition-microbiology-bkv-fish-kidney-biopsy.json	1491	3	0	9	0	0	0	0	0	14	0	0	1	0	0	0	0	2	0	0	51	292	0	0	0	2	0	0
fsh-generated/resources/StructureDefinition-microbiology-blood-bkv-dna.json	1422	3	0	9	0	0	0	0	0	23	0	0	0	0	0	0	0	2	0	0	48	280	0	0	0	2	0	1
fsh-generated/resources/StructureDefinition-microbiology-cmv-dna.json	1377	2	0	8	0	0	0	0	0	11	0	0	0	0	0	0	0	1	0	0	49	292	0	0	0	2	0	0
fsh-generated/resources/StructureDefinition-microbiology-cmv-igg.json	1401	3	0	23	0	0	0	0	0	11	0	0	1	0	0	0	0	1	0	0	50	282	0	0	0	1	1	0
fsh-generated/resources/StructureDefinition-microbiology-cmv-igm.json	1401	3	0	12	0	0	0	0	0	11	0	0	0	0	0	0	0	1	0	0	46	278	0	0	0	2	0	0
fsh-generated/resources/StructureDefinition-microbiology-donor-ref.json	1570	2	0	12	1	0	0	0	0	10	0	0	0	0	0	0	0	1	0	0	50	306	0	0	0	2	0	1
fsh-generated/resources/StructureDefinition-microbiology-ebv-dna.json	1751	3	0	10	0	0	0	0	0	16	0	0	1	0	0	0	0	1	0	0	50	294	0	0	0	3	0	0
fsh-generated/resources/StructureDefinition-microbiology-ebv-igg-anti-vca.json	1525	3	0	9	0	0	0	0	0	11	0	0	0	0	0	0	0	1	0	0	53	285	0	0	0	2	0	0
fsh-generated/resources/StructureDefinition-microbiology-ebv-igg-ebna.json	1486	3	0	11	0	0	0	0	0	56	0	0	1	0	0	0	0	1	0	0	45	273	0	0	0	2	0	0
fsh-generated/resources/StructureDefinition-microbiology-ebv-igm-anti-ea.json	1501	3	0	15	0	0	0	0	0	70	0	0	1	0	0	0	0	2	0	0	46	269	0	0	0	2	0	1
fsh-generated/resources/StructureDefinition-microbiology-ebv-igm-anti-vca.json	1525	2	0	15	1	0	0	0	0	12	0	0	1	0	0	0	0	2	0	0	45	300	0	0	0	1	0	0
fsh-generated/resources/StructureDefinition-microbiology-hsv-igg.json	1392	4	0	8	0	0	0	0	0	12	0	0	0	0	0	0	0	1	0	0	51	293	0	0	0	2	0	0
fsh-generated/resources/StructureDefinition-microbiology-hsv-igm.json	1392	3	0	7	0	0	0	0	0	11	0	0	0	0	0	0	0	2	0	0	45	275	0	0	0	1	0	0
fsh-generated/resources/StructureDefinition-microbiology-parvovirus-b19-dna-igg.json	1515	2	0	8	0	0	0	0	0	12	0	0	1	0	0	0	0	3	0	0	46	287	0	0	0	2	1	1
fsh-generated/resources/StructureDefinition-microbiology-parvovirus-b19-dna-igm.json	1515	3	0	8	0	0	0	0	0	11	0	0	0	0	0	1	0	3	0	0	46	394	0	0	0	1	0	0
fsh-generated/resources/StructureDefinition-microbiology-parvovirus-b19-dna.json	1481	4	0	8	1	0	0	0	0	14	0	0	0	0	0	0	0	1	0	0	54	316	0	0	0	9	0	0
fsh-generated/resources/StructureDefinition-microbiology-patient-ref.json	1629	3	0	9	0	0	0	0	0	18	0	0	0	0	0	0	0	2	0	0	57	288	0	0	0	35	0	1
fsh-generated/resources/StructureDefinition-microbiology-urine-bkv-dna.json	1422	3	0	11	0	0	0	0	0	11	0	0	1	0	0	0	0	1	0	0	60	285	0	0	0	6	0	0
fsh-generated/resources/StructureDefinition-microbiology-vzv-igg.json	1433	3	0	11	0	0	0	0	0	9	0	0	1	0	0	0	0	1	0	0	46	286	0	0	0	2	0	1
fsh-generated/resources/StructureDefinition-microbiology-vzv-igm.json	1433	3	0	14	0	0	0	0	0	9	0	0	0	0	0	0	0	3	0	0	53	373	0	0	0	2	0	0
fsh-generated/resources/StructureDefinition-microbiology.json	14770	8	0	107	1	0	0	0	0	87	0	0	2	0	0	0	0	32	0	0	468	2357	0	1	0	18	1	5
fsh-generated/resources/StructureDefinition-outcome-clinical-variable-ref.json	1647	3	0	11	0	0	0	0	0	11	0	0	18	0	0	0	0	1	0	0	48	380	0	0	0	3	0	0
fsh-generated/resources/StructureDefinition-outcome-concomitant-episode-ref.json	1641	3	0	7	0	0	0	0	0	8	0	0	2	0	0	0	0	2	0	0	50	328	0	0	0	3	0	1
fsh-generated/resources/StructureDefinition-outcome-date.json	1325	3	0	8	0	0	0	0	0	9	0	0	0	0	0	0	0	3	0	0	46	543	0	0	0	7	0	0
fsh-generated/resources/StructureDefinition-outcome-lab-test-ref.json	1540	2	0	8	0	0	0	0	1	9	0	0	0	0	0	0	0	2	0	0	48	338	0	0	0	6	0	0
fsh-generated/resources/StructureDefinition-outcome-microbiology-ref.json	1571	4	0	7	1	0	0	0	0	9	0	0	0	0	0	0	0	1	0	0	49	476	0	0	0	3	0	1
fsh-generated/resources/StructureDefinition-outcome-patient-instrumental-investigation-ref.json	1751	3	0	8	0	0	0	0	0	9	0	0	0	0	0	0	0	1	0	0	59	357	0	0	0	2	0	0
fsh-generated/resources/StructureDefinition-outcome-patient-ref.json	1537	3	0	8	0	0	0	0	9	10	0	0	0	0	0	0	0	0	0	0	48	327	0	0	0	2	0	0
fsh-generated/resources/StructureDefinition-outcome-post-event-ref.json	1558	3	0	16	0	0	0	0	1	10	0	0	0	0	0	0	0	1	0	0	48	394	0	0	0	2	1	0
fsh-generated/resources/StructureDefinition-outcome-pre-medication-ref.json	1618	2	0	8	0	0	0	0	1	10	0	0	0	0	0	0	0	2	0	0	47	332	0	0	0	2	0	1
fsh-generated/resources/StructureDefinition-outcome-type-name-ext.json	1456	3	0	7	1	0	0	0	0	35	0	0	1	0	0	0	0	2	0	0	49	354	0	1	0	2	0	0
fsh-generated/resources/StructureDefinition-outcome-type-ref.json	1497	3	0	7	0	0	0	0	0	11	0	0	0	0	0	0	0	1	0	0	44	321	0	0	0	1	0	0
fsh-generated/resources/StructureDefinition-outcome-type.json	2418	3	0	38	0	0	0	0	0	31	0	0	1	0	0	0	0	9	0	0	171	1021	0	0	0	6	0	2
fsh-generated/resources/StructureDefinition-outcome.json	6640	5	0	57	0	0	0	0	0	41	0	0	1	0	0	0	0	12	0	0	226	1281	0	0	0	9	0	2
fsh-generated/resources/StructureDefinition-patient-abo-group.json	1496	3	0	13	0	0	0	0	0	12	0	0	0	0	0	0	0	2	0	0	49	498	0	0	0	3	1	0
fsh-generated/resources/StructureDefinition-patient-allograft-hla-class-i.json	1642	3	0	11	1	0	0	0	0	13	0	0	0	0	0	0	0	0	0	0	48	289	0	0	0	3	0	1
fsh-generated/resources/StructureDefinition-patient-allograft-hla-class-ii.json	1657	2	0	13	0	0	0	0	0	19	0	0	0	0	0	0	0	1	0	0	53	489	0	0	0	2	0	0
fsh-generated/resources/StructureDefinition-patient-histological-diagnosis-date.json	1383	3	0	10	0	0	0	0	0	11	0	0	0	0	0	0	0	2	0	0	48	504	0	0	0	2	0	0
fsh-generated/resources/StructureDefinition-patient-instrumental-investigation-date.json	1481	3	0	8	0	0	0	0	0	10	0	0	0	0	0	0	0	1	0	0	58	332	0	0	0	1	0	0
fsh-generated/resources/StructureDefinition-patient-instrumental-investigation-instrument-ref.json	1779	3	0	7	0	0	0	0	0	12	0	0	0	0	0	0	0	0	0	0	52	624	0	0	0	2	0	1
fsh-generated/resources/StructureDefinition-patient-instrumental-investigation-patient-ref.json	1741	2	0	23	0	0	0	0	0	11	0	0	0	0	0	0	0	1	0	0	52	316	0	0	0	1	0	1
fsh-generated/resources/StructureDefinition-patient-instrumental-investigation-result.json	1747	3	0	10	1	0	0	0	0	14	0	0	0	0	0	0	0	0	0	0	50	309	0	0	0	2	0	0
fsh-generated/resources/StructureDefinition-patient-instrumental-investigation.json	4565	4	0	79	0	0	0	0	0	58	0	0	0	0	0	0	0	1	0	0	371	1650	0	0	0	15	0	9
fsh-generated/resources/StructureDefinition-patient-last-pra.json	1367	3	0	18	0	0	0	0	0	19	0	0	0	0	0	0	0	1	0	0	52	392	0	0	0	3	0	1
fsh-generated/resources/StructureDefinition-patient-liver-disease-code.json	1464	3	0	9	0	0	0	0	0	10	0	0	1	0	0	0	0	0	0	0	45	338	0	1	0	2	0	0
fsh-generated/resources/StructureDefinition-patient-liver-disease-diagnosis-date.json	1410	2	0	7	0	0	0	0	0	16	0	0	0	0	0	0	0	0	0	0	46	328	0	0	0	2	1	0
fsh-generated/resources/StructureDefinition-patient-liver-disease-extra.json	1437	6	0	7	1	0	0	0	1	11	0	0	0	0	0	0	0	0	0	0	52	330	0	0	0	1	0	0
fsh-generated/resources/StructureDefinition-patient-max-pra.json	1361	3	0	7	0	0	0	0	0	10	0	0	0	0	0	0	0	1	0	0	49	367	0	0	0	2	0	1
fsh-generated/resources/StructureDefinition-patient-renal-disease-code.json	1464	3	0	7	0	0	0	0	0	9	0	0	0	0	0	0	0	1	0	0	50	346	0	0	0	2	0	0
fsh-generated/resources/StructureDefinition-patient-renal-disease-diagnosis-date.json	1410	3	0	7	0	0	0	0	0	11	0	0	0	0	0	0	0	0	0	0	48	375	0	0	0	1	0	0
fsh-generated/resources/StructureDefinition-patient-renal-disease-extra.json	1437	3	0	9	0	0	0	0	0	11	0	0	0	0	0	0	0	1	0	0	46	339	0	0	0	1	0	1
fsh-generated/resources/StructureDefinition-patient-rh-factor.json	1484	3	0	9	1	0	0	0	0	10	0	0	0	0	0	0	0	0	0	0	46	352	0	0	0	2	0	0
fsh-generated/resources/StructureDefinition-patient-transplant.json	8538	8	0	82	0	0	0	0	1	66	0	0	1	0	0	0	0	5	0	0	321	2034	0	0	0	18	0	3
fsh-generated/resources/StructureDefinition-post-event-description.json	1366	3	0	12	0	0	0	0	0	11	0	0	0	0	0	0	0	1	0	0	49	376	0	0	0	2	0	1
fsh-generated/resources/StructureDefinition-post-event-end-date.json	1351	3	0	15	0	0	1	0	0	10	0	0	0	0	0	0	0	0	0	0	48	327	0	0	0	2	0	0
fsh-generated/resources/StructureDefinition-post-event-onset-date.json	1343	3	0	10	0	0	0	0	0	14	0	0	0	0	0	0	0	1	0	0	44	357	0	0	0	2	0	0
fsh-generated/resources/StructureDefinition-post-event-patient-ref.json	1566	3	0	10	0	0	0	0	1	14	0	0	0	0	0	0	0	0	0	0	51	337	0	0	0	2	1	0
fsh-generated/resources/StructureDefinition-post-event-type-name-ext.json	1504	3	0	9	1	0	0	0	0	14	0	0	0	0	0	0	0	1	0	0	47	336	0	0	0	2	0	1
fsh-generated/resources/StructureDefinition-post-event-type-ref.json	1553	3	0	8	0	0	0	0	1	11	0	0	0	0	0	0	0	1	0	0	45	318	0	0	0	1	0	0
fsh-generated/resources/StructureDefinition-post-event-type.json	2425	3	0	41	0	0	0	0	0	27	0	0	1	0	0	0	0	1	0	0	167	1004	0	0	0	4	0	4
fsh-generated/resources/StructureDefinition-post-event.json	4274	5	0	62	0	0	0	0	0	34	0	0	1	0	0	0	0	1	0	0	196	1316	0	0	0	5	0	3
fsh-generated/resources/StructureDefinition-pre-medication-antihypertensive-treatment.json	1710	3	0	15	0	0	0	0	0	34	0	0	0	0	0	0	0	1	0	0	53	342	0	0	0	1	0	0
fsh-generated/resources/StructureDefinition-pre-medication-antiviral-phrophylaxis.json	1608	3	0	9	1	0	0	0	0	10	0	0	0	0	0	0	0	0	0	0	47	294	0	0	0	1	1	0
fsh-generated/resources/StructureDefinition-pre-medication-other-medications.json	1451	2	0	10	0	0	0	0	0	10	0	0	0	0	0	0	0	1	0	0	45	311	0	0	0	1	0	1
fsh-generated/resources/StructureDefinition-pre-medication-patient-ref.json	1652	3	0	7	0	0	0	0	0	10	0	0	0	0	0	0	0	1	0	0	49	508	0	0	0	1	0	0
fsh-generated/resources/StructureDefinition-pre-medication-rituximab.json	1367	3	0	15	0	0	0	0	0	10	0	0	0	0	0	0	0	2	0	0	51	288	0	0	0	1	0	0
fsh-generated/resources/StructureDefinition-pre-medication.json	4803	4	0	44	0	0	0	0	0	28	0	0	1	0	0	0	0	12	0	0	155	754	0	0	0	3	0	2
fsh-generated/resources/StructureDefinition-reference-genome-fasta-path.json	1419	2	0	12	0	0	0	0	0	10	0	0	0	0	0	0	0	10	0	0	47	328	0	1	0	2	0	0
fsh-generated/resources/StructureDefinition-reference-genome.json	2612	3	0	30	1	0	0	0	0	25	0	0	0	0	0	0	0	7	0	0	121	647	0	0	0	5	0	1
fsh-generated/resources/StructureDefinition-target-region-chromosome-id.json	1386	3	0	9	0	0	0	0	0	24	0	0	0	0	0	0	0	1	0	0	47	388	0	0	0	3	1	0
fsh-generated/resources/StructureDefinition-target-region-end-position.json	1380	3	0	10	0	0	0	0	0	10	0	0	0	0	0	0	0	0	0	0	50	442	0	0	0	2	0	0
fsh-generated/resources/StructureDefinition-target-region-genomic-test-ref.json	1609	2	0	8	0	0	0	0	0	10	0	0	1	0	0	0	0	1	0	0	55	400	0	0	0	2	0	1
fsh-generated/resources/StructureDefinition-target-region-hgnc-id.json	1309	3	0	10	0	0	0	0	0	11	0	0	0	0	0	0	0	2	0	0	47	398	0	0	0	2	0	0
fsh-generated/resources/StructureDefinition-target-region-hgnc-symbol.json	1341	3	0	7	0	0	0	0	0	11	0	0	0	0	0	0	0	0	0	0	47	411	0	0	0	1	0	0
fsh-generated/resources/StructureDefinition-target-region-start-position.json	1396	2	0	8	1	0	0	0	0	9	0	0	0	0	0	0	0	1	0	0	45	1187	0	0	0	1	0	0
fsh-generated/resources/StructureDefinition-target-region.json	4811	4	0	48	0	0	0	0	0	43	0	0	0	0	0	0	0	3	0	0	200	1347	0	0	0	5	0	2
fsh-generated/resources/StructureDefinition-transplant-biliary-anastomosis-type.json	1669	3	0	46	0	0	0	0	0	17	0	0	0	0	0	0	0	1	0	0	56	384	0	0	0	1	0	0
fsh-generated/resources/StructureDefinition-transplant-case.json	24897	10	0	72	0	0	0	0	0	84	0	0	1	0	0	0	0	7	0	0	414	2783	0	0	0	7	0	3
fsh-generated/resources/StructureDefinition-transplant-cold-ischaemia-time.json	1434	3	0	12	0	0	0	0	0	36	0	0	1	0	0	0	0	9	0	0	54	510	0	0	0	2	0	0
fsh-generated/resources/StructureDefinition-transplant-donor-recipient-weight-ratio.json	1481	2	0	8	0	0	0	0	0	12	0	0	0	0	0	0	0	2	0	0	46	362	0	0	0	1	0	0
fsh-generated/resources/StructureDefinition-transplant-donor-ref.json	1528	3	0	8	1	0	0	0	0	10	0	0	0	0	0	1	0	1	0	0	49	373	0	0	0	1	0	1
fsh-generated/resources/StructureDefinition-transplant-first-warm-ischemia-time.json	1482	3	0	11	0	0	0	0	0	10	0	0	0	0	0	0	0	1	0	0	48	443	0	0	0	1	0	0
fsh-generated/resources/StructureDefinition-transplant-intraoperative-complications-other.json	1591	3	0	10	0	0	0	0	0	8	0	0	0	0	0	0	0	1	0	0	48	699	0	0	0	1	0	0
fsh-generated/resources/StructureDefinition-transplant-intraoperative-complications.json	1703	2	0	8	0	0	0	0	0	10	0	0	1	0	0	0	0	0	0	0	48	518	0	0	0	1	0	0
fsh-generated/resources/StructureDefinition-transplant-kidney-side.json	1489	3	0	7	0	0	0	0	0	9	0	0	0	0	0	0	0	1	0	0	53	446	0	0	0	1	0	1
fsh-generated/resources/StructureDefinition-transplant-nephrectomy-original-kidney.json	1562	3	0	8	0	0	0	0	1	11	0	0	0	0	0	0	0	2	0	0	51	301	0	0	0	1	0	0
fsh-generated/resources/StructureDefinition-transplant-second-warm-ischemia-time.json	1516	2	0	7	1	0	0	0	0	9	0	0	0	0	0	0	0	1	0	0	50	536	0	0	0	1	0	0
fsh-generated/resources/StructureDefinition-transplant-time-diagnosis-to-transplant.json	1505	3	0	7	0	0	0	0	0	9	0	0	0	0	0	0	0	1	0	0	47	356	0	0	0	1	1	0
fsh-generated/resources/StructureDefinition-transplant-vascular-anomalies.json	1432	3	0	7	0	0	0	0	0	10	0	0	0	0	0	0	0	0	0	0	56	374	0	0	0	1	0	1
fsh-generated/resources/StructureDefinition-transplant-vessel-mismatch.json	1487	5	0	7	0	0	0	0	0	12	0	0	0	0	0	0	0	1	0	0	71	363	0	0	0	1	0	0
fsh-generated/resources/StructureDefinition-transplant.json	10403	7	0	108	0	0	0	0	0	78	0	0	3	0	0	0	0	6	0	0	434	2260	0	1	0	8	0	4
fsh-generated/resources/StructureDefinition-variant-annotation-allele-frequency.json	1380	10	0	16	1	0	0	0	0	12	0	0	0	0	0	0	0	1	1	0	88	377	0	0	0	1	0	0
fsh-generated/resources/StructureDefinition-variant-annotation-annotation-database.json	1415	5	0	10	0	0	0	0	0	9	0	0	1	0	0	0	0	0	0	0	61	354	0	0	0	1	0	1
fsh-generated/resources/StructureDefinition-variant-annotation-medication.json	1378	3	0	8	2	0	0	0	0	24	0	0	0	0	0	0	0	0	0	0	50	359	0	0	0	0	0	0
fsh-generated/resources/StructureDefinition-variant-annotation-variant-class-level.json	1404	3	0	11	0	0	0	0	0	9	0	0	0	0	0	0	0	0	0	0	48	348	0	0	0	1	0	0
fsh-generated/resources/StructureDefinition-variant-annotation-variant-occurrence-ref.json	1653	3	0	8	0	0	0	0	0	9	0	0	0	0	0	0	0	0	0	0	47	429	0	0	0	1	0	0
fsh-generated/resources/StructureDefinition-variant-annotation-variant-origin.json	1417	3	0	9	0	0	0	0	0	10	0	0	0	0	0	0	0	0	0	0	45	336	0	0	0	1	0	1
fsh-generated/resources/StructureDefinition-variant-annotation-variant-pathogeny.json	1479	3	0	29	1	0	0	0	0	10	0	0	0	0	0	0	0	1	0	0	48	494	0	0	0	0	0	0
fsh-generated/resources/StructureDefinition-variant-annotation-variant-tier-level.json	1424	2	0	31	0	0	0	0	0	11	0	0	0	0	0	0	0	0	0	0	48	336	0	0	0	1	0	0
fsh-generated/resources/StructureDefinition-variant-annotation.json	5993	5	0	87	0	0	0	0	0	57	0	0	1	0	0	0	0	1	0	0	227	1311	0	0	0	4	0	2
fsh-generated/resources/StructureDefinition-variant-occurrence-alternate-allele.json	1381	3	0	12	0	0	0	0	0	11	0	0	0	0	0	0	0	0	0	0	50	340	0	0	0	1	0	1
fsh-generated/resources/StructureDefinition-variant-occurrence-cnv-locus.json	1323	2	0	8	0	0	0	0	0	8	0	0	0	0	0	0	0	0	0	0	56	401	0	0	0	1	0	0
fsh-generated/resources/StructureDefinition-variant-occurrence-copy-number.json	1346	3	0	8	0	0	0	0	0	9	0	0	0	0	0	0	0	0	0	0	60	347	0	0	0	0	0	0
fsh-generated/resources/StructureDefinition-variant-occurrence-fusion-breakpoint.json	1413	3	0	6	1	0	0	0	0	9	0	0	0	0	0	0	0	0	0	0	52	342	0	0	0	1	0	0
fsh-generated/resources/StructureDefinition-variant-occurrence-fusion-supporting-reads.json	1427	3	0	7	0	0	0	0	0	9	0	0	0	0	0	0	0	0	0	0	46	344	0	0	0	1	1	1
fsh-generated/resources/StructureDefinition-variant-occurrence-genetic-origin.json	1385	2	0	8	0	0	0	0	0	9	0	0	0	0	0	0	0	1	0	0	47	341	0	0	0	1	0	0
fsh-generated/resources/StructureDefinition-variant-occurrence-genotype.json	1292	3	0	9	0	0	0	0	0	10	0	0	0	0	0	0	0	0	0	0	55	342	0	0	0	0	6	0
fsh-generated/resources/StructureDefinition-variant-occurrence-hgvs-c.json	1421	3	0	11	0	0	0	0	0	11	0	0	0	0	0	0	0	0	0	0	46	318	0	0	0	1	0	1
fsh-generated/resources/StructureDefinition-variant-occurrence-hgvs-p.json	1429	2	0	9	0	0	0	0	0	8	0	0	0	0	0	0	0	0	0	0	47	330	0	0	0	2	0	0
fsh-generated/resources/StructureDefinition-variant-occurrence-reference-allele.json	1385	3	0	8	1	0	0	0	1	8	0	0	0	0	0	0	0	0	0	0	48	397	0	0	0	2	0	0
fsh-generated/resources/StructureDefinition-variant-occurrence-reference-sequence.json	1507	3	0	9	0	0	0	0	0	8	0	0	0	0	0	0	0	0	0	0	48	434	0	0	0	2	0	1
fsh-generated/resources/StructureDefinition-variant-occurrence-rs-id.json	1347	2	0	14	0	0	0	0	0	8	0	0	0	0	0	0	0	0	0	0	45	417	0	0	0	2	0	0
fsh-generated/resources/StructureDefinition-variant-occurrence-sequence-alteration.json	1379	3	0	13	0	0	0	0	0	8	0	0	0	0	0	0	0	0	0	0	45	343	0	0	0	2	0	0
fsh-generated/resources/StructureDefinition-variant-occurrence-target-region-ref.json	1676	3	0	20	0	0	0	0	2	8	0	0	0	0	0	0	0	1	0	0	48	324	0	0	0	2	0	0
fsh-generated/resources/StructureDefinition-variant-occurrence-variant-exon-number.json	1415	2	0	9	1	0	0	0	0	8	0	0	0	0	0	0	0	0	0	0	49	317	0	0	0	1	0	1
fsh-generated/resources/StructureDefinition-variant-occurrence-variant-feature.json	1355	3	0	7	0	0	0	0	0	9	0	0	0	0	0	0	0	0	0	0	48	324	0	0	0	1	0	0
fsh-generated/resources/StructureDefinition-variant-occurrence-variant-read-depth.json	1397	3	0	11	0	0	0	0	0	9	0	0	0	0	0	0	0	0	0	0	46	332	0	0	0	0	0	0
fsh-generated/resources/StructureDefinition-variant-occurrence.json	10264	6	0	62	0	0	0	0	0	39	0	0	1	0	0	0	0	1	0	0	292	1555	0	1	0	6	2	3
fsh-generated/resources/StructureDefinition-visit-bio-sample-ref.json	1551	2	0	8	0	0	0	0	0	10	0	0	0	0	0	0	0	1	0	0	48	355	0	0	0	1	0	0
fsh-generated/resources/StructureDefinition-visit-clinical-variable-ref.json	1609	4	0	8	0	0	0	0	0	10	0	0	0	0	0	0	0	1	0	0	50	345	0	0	0	1	0	0
fsh-generated/resources/StructureDefinition-visit-concomitant-episode-ref.json	1641	3	0	8	1	0	0	0	0	19	0	0	0	0	0	0	0	0	0	0	47	345	0	0	0	0	0	0
fsh-generated/resources/StructureDefinition-visit-immunosuppressive-induction-ref.json	1721	3	0	8	0	0	0	0	0	17	0	0	0	0	0	0	0	1	0	0	49	416	0	0	0	1	0	0
fsh-generated/resources/StructureDefinition-visit-immunosuppressive-maintenance-ref.json	1741	3	0	7	0	0	0	0	0	18	0	0	0	0	0	0	0	2	0	0	49	401	0	0	0	1	0	0
fsh-generated/resources/StructureDefinition-visit-lab-result-ref.json	1566	3	0	16	0	0	0	0	0	13	0	0	0	0	0	0	0	0	0	0	46	377	0	0	0	1	0	0
fsh-generated/resources/StructureDefinition-visit-microbiology-ref.json	1577	2	0	10	0	0	0	0	0	8	0	0	0	0	0	0	0	0	0	0	47	492	0	0	0	1	0	1
fsh-generated/resources/StructureDefinition-visit-outcome-ref.json	1528	3	0	15	1	0	0	0	0	8	0	0	0	0	0	0	0	1	0	0	50	403	0	0	0	0	0	0
fsh-generated/resources/StructureDefinition-visit-patient-instrumental-investigation-ref.json	1761	3	0	9	0	0	0	0	0	7	0	0	0	0	0	0	0	0	0	0	51	340	0	0	0	1	0	0
fsh-generated/resources/StructureDefinition-visit-post-event-ref.json	1608	4	0	8	0	0	0	0	0	11	0	0	0	0	0	0	0	0	0	0	50	450	0	0	0	1	0	1
fsh-generated/resources/StructureDefinition-visit-pre-medication-ref.json	1606	3	0	8	0	0	0	0	1	11	0	0	0	0	0	0	0	0	0	0	48	348	0	0	0	1	0	0
fsh-generated/resources/StructureDefinition-visit-transplant-ref.json	1547	3	0	8	0	0	0	0	0	10	0	0	0	0	0	0	0	1	0	0	45	350	0	0	0	0	0	0
fsh-generated/resources/StructureDefinition-visit.json	9275	7	0	97	1	0	0	0	0	66	0	0	1	0	0	0	0	3	0	0	424	2079	0	1	0	9	0	5
fsh-generated/resources/ValueSet-biliary-anastomosis-type-vs.json	787	4	0	0	0	0	0	0	0	148	0	0	0	0	0	0	0	2	0	0	36	476	0	0	0	1	0	0
fsh-generated/resources/ValueSet-biosample-tissue-type-vs.json	671	2	0	0	0	0	0	0	0	12	0	0	0	0	0	0	0	0	0	0	43	106	0	0	0	1	0	0
fsh-generated/resources/ValueSet-concomitant-disease-category-vs.json	471	3	0	0	0	0	0	0	0	14	0	0	0	0	0	0	0	0	0	0	19	136	0	0	0	0	0	0
fsh-generated/resources/ValueSet-concomitant-medication-category-vs.json	490	2	0	0	0	0	0	0	0	8	0	0	0	0	0	0	0	0	0	0	14	139	0	0	0	0	0	0
fsh-generated/resources/ValueSet-donor-liver-type-vs.json	599	3	0	0	1	0	0	0	0	7	0	0	0	0	0	0	0	1	0	0	15	78	0	0	0	0	0	0
fsh-generated/resources/ValueSet-donor-pre-ktx-dialysis-type-vs.json	672	3	0	0	0	0	0	0	0	9	0	0	0	0	0	0	0	0	0	0	12	79	0	0	0	1	0	0
fsh-generated/resources/ValueSet-immunosuppressant-drug-type-vs.json	456	2	0	0	0	0	0	0	0	6	0	0	0	0	0	0	0	1	0	0	12	76	0	0	0	0	0	0
fsh-generated/resources/ValueSet-immunosuppressive-induction-dose-unit-vs.json	519	2	0	0	0	0	0	0	1	6	0	0	0	0	0	0	0	0	0	0	13	69	0	0	0	0	0	0
fsh-generated/resources/ValueSet-immunosuppressive-maintenance-type-vs.json	659	2	0	0	0	0	0	0	0	6	0	0	0	0	0	0	0	0	0	0	12	85	0	0	0	1	0	0
fsh-generated/resources/ValueSet-instrumental-investigation-name-vs.json	490	2	0	0	0	0	0	0	0	5	0	0	0	0	0	0	0	0	0	0	12	87	0	0	0	0	0	0
fsh-generated/resources/ValueSet-intraoperative-complication-vs.json	857	3	0	0	0	0	0	0	0	8	0	0	0	0	0	0	0	0	0	0	16	105	0	0	0	0	0	0
fsh-generated/resources/ValueSet-kidney-side-vs.json	596	2	0	0	0	0	0	0	0	7	0	0	0	0	0	0	0	0	0	0	58	97	0	0	0	0	0	0
fsh-generated/resources/ValueSet-lab-result-unit-vs.json	1241	2	0	0	1	0	0	0	0	7	0	0	0	0	0	0	0	0	0	0	26	122	0	0	0	1	0	0
fsh-generated/resources/ValueSet-lab-test-name-vs.json	384	2	0	0	0	0	0	0	0	6	0	0	0	0	0	0	0	1	0	0	13	110	0	0	0	0	0	0
fsh-generated/resources/ValueSet-outcome-type-name-vs.json	407	3	0	0	0	0	0	0	0	6	0	0	0	0	0	0	0	0	0	0	13	140	0	0	0	0	0	0
fsh-generated/resources/ValueSet-patient-abo-group-vs.json	677	2	0	0	0	0	0	0	0	7	0	0	0	0	0	0	0	0	0	0	20	68	0	0	0	0	0	0
fsh-generated/resources/ValueSet-patient-hla-class-i-vs.json	657	2	0	0	0	0	0	0	1	6	0	0	0	0	0	0	0	0	0	0	14	66	0	0	0	0	0	0
fsh-generated/resources/ValueSet-patient-hla-class-ii-vs.json	669	2	0	0	0	0	0	0	0	5	0	0	0	0	0	0	0	1	0	0	20	79	0	0	0	0	0	0
fsh-generated/resources/ValueSet-patient-instrumental-investigation-result-vs.json	741	2	0	0	0	0	0	0	0	5	0	0	0	0	0	0	0	0	0	0	14	84	0	0	0	1	0	0
fsh-generated/resources/ValueSet-patient-rh-factor-vs.json	600	3	0	0	1	0	0	0	0	6	0	0	0	0	0	0	0	0	0	0	14	169	0	0	0	0	0	0
fsh-generated/resources/ValueSet-post-event-type-name-vs.json	419	2	0	0	0	0	0	0	0	4	0	0	0	0	0	0	0	0	0	0	16	248	0	0	0	0	0	0
fsh-generated/resources/ValueSet-pre-medication-antihypertensive-drug-vs.json	1088	2	0	0	0	0	0	0	0	6	0	0	0	0	0	0	0	1	0	0	18	109	0	0	0	0	0	0
fsh-generated/resources/ValueSet-pre-medication-type-vs.json	552	2	0	0	0	0	0	0	0	4	0	0	0	0	0	0	0	0	0	0	11	62	0	0	0	0	0	0
fsh-generated/resources/ValueSet-reference-genome-build-vs.json	624	2	0	0	0	0	0	0	0	5	0	0	0	0	0	0	0	0	0	0	13	56	0	0	0	0	0	0
fsh-generated/resources/ValueSet-transplant-type-vs.json	616	2	0	0	0	0	0	0	1	4	0	0	0	0	0	0	0	0	0	0	14	71	0	0	0	1	0	0
fsh-generated/resources/ValueSet-visit-type-vs.json	746	3	0	0	0	0	0	0	0	7	0	0	0	0	0	0	0	0	0	0	14	79	0	0	0	0	0	0
/input/includes/menu.xml	404	-	-	-	0	0	0	0	0	0	0	0	0	0	0	0	0	0	0	0	0	6	0	0	0	0	0	0
/fsh-generated/includes/fsh-link-references.md	25365	-	-	-	0	0	0	0	0	0	0	0	0	0	0	0	0	0	0	0	0	14	0	0	0	0	0	0
/input/pagecontent/StructureDefinition-transplant-case-intro.md	5083	-	-	-	0	0	0	0	0	0	0	0	0	0	0	0	0	0	0	0	0	2	0	0	0	0	0	0
/input/pagecontent/index.md	2286	-	-	-	0	0	0	0	0	0	0	0	0	0	0	0	0	0	0	0	0	1	0	0	0	0	0	0
/template/config	0	-	-	-	0	0	0	0	0	0	0	0	0	0	0	0	0	0	0	0	0	1	0	0	0	0	0	0
/template/config/_config.yml	140	-	-	-	0	0	0	0	0	0	0	0	0	0	0	0	0	0	0	0	0	0	0	0	0	0	0	0
/temp/pages/_includes/artifacts.xml	134508	-	-	-	-	-	-	-	-	-	-	-	-	-	-	-	-	-	-	-	-	35	0	0	0	0	0	0
